filename_nor,model_type,num_params,chans,groups,scale,rrmse_nor,rmse_nor,corr_nor,sdr_nor,filename_gen,rrmse_gen,rmse_gen,corr_gen,sdr_gen
final_3conv_ch1_grp1_scale1_mse_only_conv3SingleHeadNet_denoise_epochs_50_metrics_41_params.txt,3conv,41,1,1,1,0.556684852,0.309964836,0.830984354,5.087812424,best_conv3SingleHeadNet_final_3conv_ch1_grp1_scale1_mse_only_denoise_epoch_50_weights_41_params_gen_metrics.txt,0.761653841,0.761653781,0.655282378,2.364847422
final_3conv_ch1_grp1_scale2_mse_only_conv3SingleHeadNet_denoise_epochs_50_metrics_45_params.txt,3conv,45,1,1,2,0.544541955,0.303203613,0.838893771,5.279373646,best_conv3SingleHeadNet_final_3conv_ch1_grp1_scale2_mse_only_denoise_epoch_50_weights_45_params_gen_metrics.txt,0.753584027,0.753583968,0.663724065,2.457366467
final_3conv_ch1_grp1_scale4_mse_only_conv3SingleHeadNet_denoise_epochs_50_metrics_53_params.txt,3conv,53,1,1,4,0.563817859,0.313936532,0.827057302,4.977223873,best_conv3SingleHeadNet_final_3conv_ch1_grp1_scale4_mse_only_denoise_epoch_50_weights_53_params_gen_metrics.txt,0.753280222,0.753280163,0.660766721,2.460869074
final_3conv_ch2_grp1_scale1_mse_only_conv3SingleHeadNet_denoise_epochs_50_metrics_133_params.txt,3conv,133,2,1,1,0.493598074,0.274837822,0.871960998,6.132531643,best_conv3SingleHeadNet_final_3conv_ch2_grp1_scale1_mse_only_denoise_epoch_50_weights_133_params_gen_metrics.txt,0.724167645,0.724167585,0.698904634,2.803218365
final_3conv_ch2_grp1_scale2_mse_only_conv3SingleHeadNet_denoise_epochs_50_metrics_143_params.txt,3conv,143,2,1,2,0.475396752,0.264703244,0.881973445,6.458875656,best_conv3SingleHeadNet_final_3conv_ch2_grp1_scale2_mse_only_denoise_epoch_50_weights_143_params_gen_metrics.txt,0.724690914,0.724690855,0.695144653,2.796944141
final_3conv_ch2_grp1_scale4_mse_only_conv3SingleHeadNet_denoise_epochs_50_metrics_163_params.txt,3conv,163,2,1,4,0.465726465,0.259318769,0.885441601,6.637382507,best_conv3SingleHeadNet_final_3conv_ch2_grp1_scale4_mse_only_denoise_epoch_50_weights_163_params_gen_metrics.txt,0.725585878,0.725585818,0.691879451,2.786224127
final_3conv_ch2_grp2_scale1_mse_only_conv3SingleHeadNet_denoise_epochs_50_metrics_105_params.txt,3conv,105,2,2,1,0.473196626,0.26347819,0.881163239,6.499168396,best_conv3SingleHeadNet_final_3conv_ch2_grp2_scale1_mse_only_denoise_epoch_50_weights_105_params_gen_metrics.txt,0.729345858,0.729345798,0.68740952,2.741329908
final_3conv_ch2_grp2_scale2_mse_only_conv3SingleHeadNet_denoise_epochs_50_metrics_115_params.txt,3conv,115,2,2,2,0.470798701,0.262143016,0.884835005,6.54329586,best_conv3SingleHeadNet_final_3conv_ch2_grp2_scale2_mse_only_denoise_epoch_50_weights_115_params_gen_metrics.txt,0.718966305,0.718966246,0.699586034,2.865829706
final_3conv_ch2_grp2_scale4_mse_only_conv3SingleHeadNet_denoise_epochs_50_metrics_135_params.txt,3conv,135,2,2,4,0.469048202,0.261168331,0.884025037,6.575651169,best_conv3SingleHeadNet_final_3conv_ch2_grp2_scale4_mse_only_denoise_epoch_50_weights_135_params_gen_metrics.txt,0.721020758,0.721020699,0.697859824,2.841045618
final_3conv_ch4_grp1_scale1_mse_only_conv3SingleHeadNet_denoise_epochs_50_metrics_473_params.txt,3conv,473,4,1,1,0.478815436,0.266606778,0.88171345,6.396637917,best_conv3SingleHeadNet_final_3conv_ch4_grp1_scale1_mse_only_denoise_epoch_50_weights_473_params_gen_metrics.txt,0.71990788,0.71990782,0.696020186,2.854461908
final_3conv_ch4_grp1_scale2_mse_only_conv3SingleHeadNet_denoise_epochs_50_metrics_501_params.txt,3conv,501,4,1,2,0.460804194,0.256578028,0.88757664,6.729671955,best_conv3SingleHeadNet_final_3conv_ch4_grp1_scale2_mse_only_denoise_epoch_50_weights_501_params_gen_metrics.txt,0.702109396,0.702109337,0.714318514,3.071905136
final_3conv_ch4_grp1_scale4_mse_only_conv3SingleHeadNet_denoise_epochs_50_metrics_557_params.txt,3conv,557,4,1,4,0.457069129,0.254498333,0.889780939,6.800363064,best_conv3SingleHeadNet_final_3conv_ch4_grp1_scale4_mse_only_denoise_epoch_50_weights_557_params_gen_metrics.txt,0.711237073,0.711237013,0.706926405,2.959712744
final_3conv_ch4_grp2_scale1_mse_only_conv3SingleHeadNet_denoise_epochs_50_metrics_361_params.txt,3conv,361,4,2,1,0.46173507,0.25709635,0.887429118,6.712143898,best_conv3SingleHeadNet_final_3conv_ch4_grp2_scale1_mse_only_denoise_epoch_50_weights_361_params_gen_metrics.txt,0.725385308,0.725385249,0.693323314,2.788625002
final_3conv_ch4_grp2_scale2_mse_only_conv3SingleHeadNet_denoise_epochs_50_metrics_389_params.txt,3conv,389,4,2,2,0.458131731,0.255089998,0.88927573,6.780192852,best_conv3SingleHeadNet_final_3conv_ch4_grp2_scale2_mse_only_denoise_epoch_50_weights_389_params_gen_metrics.txt,0.718581915,0.718581855,0.701342165,2.8704741
final_3conv_ch4_grp2_scale4_mse_only_conv3SingleHeadNet_denoise_epochs_50_metrics_445_params.txt,3conv,445,4,2,4,0.460481822,0.256398529,0.88802439,6.735751152,best_conv3SingleHeadNet_final_3conv_ch4_grp2_scale4_mse_only_denoise_epoch_50_weights_445_params_gen_metrics.txt,0.714178383,0.714178324,0.704625964,2.923866272
final_3conv_ch4_grp4_scale1_mse_only_conv3SingleHeadNet_denoise_epochs_50_metrics_249_params.txt,3conv,249,4,4,1,0.464964479,0.258894503,0.885550737,6.651605606,best_conv3SingleHeadNet_final_3conv_ch4_grp4_scale1_mse_only_denoise_epoch_50_weights_249_params_gen_metrics.txt,0.721965551,0.721965492,0.696827829,2.829670668
final_3conv_ch4_grp4_scale2_mse_only_conv3SingleHeadNet_denoise_epochs_50_metrics_249_params.txt,3conv,249,4,4,2,0.46398446,0.258348823,0.886172712,6.669931412,best_conv3SingleHeadNet_final_3conv_ch4_grp4_scale2_mse_only_denoise_epoch_50_weights_249_params_gen_metrics.txt,0.713219225,0.713219166,0.702575028,2.935539246
final_3conv_ch4_grp4_scale4_mse_only_conv3SingleHeadNet_denoise_epochs_50_metrics_333_params.txt,3conv,333,4,4,4,0.460823566,0.256588817,0.887587786,6.729306698,best_conv3SingleHeadNet_final_3conv_ch4_grp4_scale4_mse_only_denoise_epoch_50_weights_333_params_gen_metrics.txt,0.723271072,0.723271012,0.692472219,2.813978672
final_3conv_ch8_grp1_scale1_mse_only_conv3SingleHeadNet_denoise_epochs_50_metrics_1777_params.txt,3conv,1777,8,1,1,0.448489845,0.249721333,0.894563437,6.964948177,best_conv3SingleHeadNet_final_3conv_ch8_grp1_scale1_mse_only_denoise_epoch_50_weights_1777_params_gen_metrics.txt,0.72959429,0.729594231,0.690707624,2.738371849
final_3conv_ch8_grp1_scale2_mse_only_conv3SingleHeadNet_denoise_epochs_50_metrics_1865_params.txt,3conv,1865,8,1,2,0.446686536,0.248717248,0.895100832,6.999943733,best_conv3SingleHeadNet_final_3conv_ch8_grp1_scale2_mse_only_denoise_epoch_50_weights_1865_params_gen_metrics.txt,0.718808711,0.718808651,0.700140715,2.867733955
final_3conv_ch8_grp1_scale4_mse_only_conv3SingleHeadNet_denoise_epochs_50_metrics_2041_params.txt,3conv,2041,8,1,4,0.452153683,0.251761377,0.892383337,6.89427948,best_conv3SingleHeadNet_final_3conv_ch8_grp1_scale4_mse_only_denoise_epoch_50_weights_2041_params_gen_metrics.txt,0.715207934,0.715207875,0.704767704,2.911354065
final_3conv_ch8_grp2_scale1_mse_only_conv3SingleHeadNet_denoise_epochs_50_metrics_1329_params.txt,3conv,1329,8,2,1,0.4492172,0.250126332,0.89377284,6.950872421,best_conv3SingleHeadNet_final_3conv_ch8_grp2_scale1_mse_only_denoise_epoch_50_weights_1329_params_gen_metrics.txt,0.718045712,0.718045652,0.701028228,2.876958609
final_3conv_ch8_grp2_scale2_mse_only_conv3SingleHeadNet_denoise_epochs_50_metrics_1417_params.txt,3conv,1417,8,2,2,0.450380057,0.250773817,0.892876148,6.928417683,best_conv3SingleHeadNet_final_3conv_ch8_grp2_scale2_mse_only_denoise_epoch_50_weights_1417_params_gen_metrics.txt,0.718441069,0.71844101,0.699452937,2.872177362
final_3conv_ch8_grp2_scale4_mse_only_conv3SingleHeadNet_denoise_epochs_50_metrics_1593_params.txt,3conv,1593,8,2,4,0.446718395,0.248734981,0.895319045,6.999323845,best_conv3SingleHeadNet_final_3conv_ch8_grp2_scale4_mse_only_denoise_epoch_50_weights_1593_params_gen_metrics.txt,0.723424554,0.723424494,0.695309579,2.81213522
final_3conv_ch8_grp4_scale1_mse_only_conv3SingleHeadNet_denoise_epochs_50_metrics_881_params.txt,3conv,881,8,4,1,0.451984257,0.251667053,0.892257273,6.897533417,best_conv3SingleHeadNet_final_3conv_ch8_grp4_scale1_mse_only_denoise_epoch_50_weights_881_params_gen_metrics.txt,0.715291023,0.715290964,0.703125954,2.910345554
final_3conv_ch8_grp4_scale2_mse_only_conv3SingleHeadNet_denoise_epochs_50_metrics_969_params.txt,3conv,969,8,4,2,0.447803646,0.249339268,0.89440912,6.978247166,best_conv3SingleHeadNet_final_3conv_ch8_grp4_scale2_mse_only_denoise_epoch_50_weights_969_params_gen_metrics.txt,0.714166999,0.714166939,0.703049421,2.924005508
final_3conv_ch8_grp4_scale4_mse_only_conv3SingleHeadNet_denoise_epochs_50_metrics_1145_params.txt,3conv,1145,8,4,4,0.447440982,0.249137327,0.89433974,6.985285282,best_conv3SingleHeadNet_final_3conv_ch8_grp4_scale4_mse_only_denoise_epoch_50_weights_1145_params_gen_metrics.txt,0.715354919,0.71535486,0.703754485,2.909569263
final_3conv_ch8_grp8_scale1_mse_only_conv3SingleHeadNet_denoise_epochs_50_metrics_657_params.txt,3conv,657,8,8,1,0.453346729,0.252425671,0.891650379,6.87139082,best_conv3SingleHeadNet_final_3conv_ch8_grp8_scale1_mse_only_denoise_epoch_50_weights_657_params_gen_metrics.txt,0.718326986,0.718326926,0.701137304,2.873556614
final_3conv_ch8_grp8_scale2_mse_only_conv3SingleHeadNet_denoise_epochs_50_metrics_745_params.txt,3conv,745,8,8,2,0.45475775,0.253211349,0.89100796,6.844397068,best_conv3SingleHeadNet_final_3conv_ch8_grp8_scale2_mse_only_denoise_epoch_50_weights_745_params_gen_metrics.txt,0.719883978,0.719883919,0.699136078,2.854750395
final_3conv_ch8_grp8_scale4_mse_only_conv3SingleHeadNet_denoise_epochs_50_metrics_921_params.txt,3conv,921,8,8,4,0.450318873,0.250739753,0.893366396,6.929597378,best_conv3SingleHeadNet_final_3conv_ch8_grp8_scale4_mse_only_denoise_epoch_50_weights_921_params_gen_metrics.txt,0.719255328,0.719255269,0.697928667,2.862338781
final_4conv_ch1_grp1_scale1_mse_only_conv4SingleHeadNet_denoise_epochs_50_metrics_51_params.txt,4conv,51,1,1,1,0.55010891,0.306303322,0.838694036,5.191027641,best_conv4SingleHeadNet_final_4conv_ch1_grp1_scale1_mse_only_denoise_epoch_50_weights_51_params_gen_metrics.txt,0.752492428,0.752492368,0.672440052,2.469958305
final_4conv_ch1_grp1_scale2_mse_only_conv4SingleHeadNet_denoise_epochs_50_metrics_55_params.txt,4conv,55,1,1,2,0.542622685,0.302134961,0.840778291,5.310041904,best_conv4SingleHeadNet_final_4conv_ch1_grp1_scale2_mse_only_denoise_epoch_50_weights_55_params_gen_metrics.txt,0.737847507,0.737847447,0.678412199,2.640667915
final_4conv_ch1_grp1_scale4_mse_only_conv4SingleHeadNet_denoise_epochs_50_metrics_63_params.txt,4conv,63,1,1,4,0.601509929,0.334923685,0.803464651,4.415143967,best_conv4SingleHeadNet_final_4conv_ch1_grp1_scale4_mse_only_denoise_epoch_50_weights_63_params_gen_metrics.txt,0.836598694,0.836598635,0.633307874,1.549656868
final_4conv_ch2_grp1_scale1_mse_only_conv4SingleHeadNet_denoise_epochs_50_metrics_169_params.txt,4conv,169,2,1,1,0.460524112,0.256422073,0.889172673,6.734953403,best_conv4SingleHeadNet_final_4conv_ch2_grp1_scale1_mse_only_denoise_epoch_50_weights_169_params_gen_metrics.txt,0.710069895,0.710069835,0.705380738,2.973978281
final_4conv_ch2_grp1_scale2_mse_only_conv4SingleHeadNet_denoise_epochs_50_metrics_179_params.txt,4conv,179,2,1,2,0.468002647,0.260586172,0.884160042,6.595034122,best_conv4SingleHeadNet_final_4conv_ch2_grp1_scale2_mse_only_denoise_epoch_50_weights_179_params_gen_metrics.txt,0.741844654,0.741844594,0.685375512,2.593740463
final_4conv_ch2_grp1_scale4_mse_only_conv4SingleHeadNet_denoise_epochs_50_metrics_199_params.txt,4conv,199,2,1,4,0.466401756,0.259694785,0.886343658,6.624796867,best_conv4SingleHeadNet_final_4conv_ch2_grp1_scale4_mse_only_denoise_epoch_50_weights_199_params_gen_metrics.txt,0.737927794,0.737927735,0.679130733,2.639722824
final_4conv_ch2_grp2_scale1_mse_only_conv4SingleHeadNet_denoise_epochs_50_metrics_141_params.txt,4conv,141,2,2,1,0.531090915,0.295714021,0.847612202,5.496623039,best_conv4SingleHeadNet_final_4conv_ch2_grp2_scale1_mse_only_denoise_epoch_50_weights_141_params_gen_metrics.txt,0.730421841,0.730421782,0.69926101,2.7285254
final_4conv_ch2_grp2_scale2_mse_only_conv4SingleHeadNet_denoise_epochs_50_metrics_151_params.txt,4conv,151,2,2,2,0.466187239,0.259575337,0.884802639,6.628792763,best_conv4SingleHeadNet_final_4conv_ch2_grp2_scale2_mse_only_denoise_epoch_50_weights_151_params_gen_metrics.txt,0.707521558,0.707521498,0.70821923,3.005207539
final_4conv_ch2_grp2_scale4_mse_only_conv4SingleHeadNet_denoise_epochs_50_metrics_171_params.txt,4conv,171,2,2,4,0.470047921,0.261724979,0.88281244,6.55715847,best_conv4SingleHeadNet_final_4conv_ch2_grp2_scale4_mse_only_denoise_epoch_50_weights_171_params_gen_metrics.txt,0.716960549,0.71696049,0.698888361,2.890095234
final_4conv_ch4_grp1_scale1_mse_only_conv4SingleHeadNet_denoise_epochs_50_metrics_609_params.txt,4conv,609,4,1,1,0.444232762,0.247350976,0.896463037,7.047789097,best_conv4SingleHeadNet_final_4conv_ch4_grp1_scale1_mse_only_denoise_epoch_50_weights_609_params_gen_metrics.txt,0.721550584,0.721550524,0.696803629,2.834665298
final_4conv_ch4_grp1_scale2_mse_only_conv4SingleHeadNet_denoise_epochs_50_metrics_637_params.txt,4conv,637,4,1,2,0.430366963,0.239630431,0.90266645,7.32322216,best_conv4SingleHeadNet_final_4conv_ch4_grp1_scale2_mse_only_denoise_epoch_50_weights_637_params_gen_metrics.txt,0.703506827,0.703506768,0.713372409,3.054633617
final_4conv_ch4_grp1_scale4_mse_only_conv4SingleHeadNet_denoise_epochs_50_metrics_693_params.txt,4conv,693,4,1,4,0.438284457,0.244038925,0.898908079,7.164879322,best_conv4SingleHeadNet_final_4conv_ch4_grp1_scale4_mse_only_denoise_epoch_50_weights_693_params_gen_metrics.txt,0.71197015,0.711970091,0.707759619,2.950764894
final_4conv_ch4_grp2_scale1_mse_only_conv4SingleHeadNet_denoise_epochs_50_metrics_497_params.txt,4conv,497,4,2,1,0.445376486,0.247987807,0.89564997,7.025455475,best_conv4SingleHeadNet_final_4conv_ch4_grp2_scale1_mse_only_denoise_epoch_50_weights_497_params_gen_metrics.txt,0.716185451,0.716185391,0.701301098,2.899490356
final_4conv_ch4_grp2_scale2_mse_only_conv4SingleHeadNet_denoise_epochs_50_metrics_525_params.txt,4conv,525,4,2,2,0.435581684,0.242534012,0.900148749,7.218608856,best_conv4SingleHeadNet_final_4conv_ch4_grp2_scale2_mse_only_denoise_epoch_50_weights_525_params_gen_metrics.txt,0.711473763,0.711473703,0.705539703,2.956822872
final_4conv_ch4_grp2_scale4_mse_only_conv4SingleHeadNet_denoise_epochs_50_metrics_581_params.txt,4conv,581,4,2,4,0.436629325,0.243117347,0.899809599,7.197742462,best_conv4SingleHeadNet_final_4conv_ch4_grp2_scale4_mse_only_denoise_epoch_50_weights_581_params_gen_metrics.txt,0.721565485,0.721565425,0.696994662,2.834485054
final_4conv_ch4_grp4_scale1_mse_only_conv4SingleHeadNet_denoise_epochs_50_metrics_385_params.txt,4conv,385,4,4,1,0.445325732,0.247959554,0.895577669,7.026444435,best_conv4SingleHeadNet_final_4conv_ch4_grp4_scale1_mse_only_denoise_epoch_50_weights_385_params_gen_metrics.txt,0.71580869,0.71580863,0.70050329,2.904061317
final_4conv_ch4_grp4_scale2_mse_only_conv4SingleHeadNet_denoise_epochs_50_metrics_413_params.txt,4conv,413,4,4,2,0.441749901,0.245968506,0.897311211,7.09647131,best_conv4SingleHeadNet_final_4conv_ch4_grp4_scale2_mse_only_denoise_epoch_50_weights_413_params_gen_metrics.txt,0.71399641,0.713996351,0.70093745,2.926079988
final_4conv_ch4_grp4_scale4_mse_only_conv4SingleHeadNet_denoise_epochs_50_metrics_469_params.txt,4conv,469,4,4,4,0.435726047,0.242614388,0.900235653,7.215730667,best_conv4SingleHeadNet_final_4conv_ch4_grp4_scale4_mse_only_denoise_epoch_50_weights_469_params_gen_metrics.txt,0.707130671,0.707130611,0.709469259,3.010007381
final_4conv_ch8_grp1_scale1_mse_only_conv4SingleHeadNet_denoise_epochs_50_metrics_2305_params.txt,4conv,2305,8,1,1,0.416733682,0.232039362,0.909758747,7.602828026,best_conv4SingleHeadNet_final_4conv_ch8_grp1_scale1_mse_only_denoise_epoch_50_weights_2305_params_gen_metrics.txt,0.713394582,0.713394523,0.705860019,2.933404207
final_4conv_ch8_grp1_scale2_mse_only_conv4SingleHeadNet_denoise_epochs_50_metrics_2393_params.txt,4conv,2393,8,1,2,0.428677082,0.238689497,0.903459013,7.357395172,best_conv4SingleHeadNet_final_4conv_ch8_grp1_scale2_mse_only_denoise_epoch_50_weights_2393_params_gen_metrics.txt,0.697613716,0.697613657,0.719666839,3.127700329
final_4conv_ch8_grp1_scale4_mse_only_conv4SingleHeadNet_denoise_epochs_50_metrics_2569_params.txt,4conv,2569,8,1,4,0.420831949,0.234321296,0.908418655,7.51782608,best_conv4SingleHeadNet_final_4conv_ch8_grp1_scale4_mse_only_denoise_epoch_50_weights_2569_params_gen_metrics.txt,0.710844457,0.710844398,0.706904531,2.964508772
final_4conv_ch8_grp2_scale1_mse_only_conv4SingleHeadNet_denoise_epochs_50_metrics_1857_params.txt,4conv,1857,8,2,1,0.422412753,0.235201493,0.906765819,7.485260487,best_conv4SingleHeadNet_final_4conv_ch8_grp2_scale1_mse_only_denoise_epoch_50_weights_1857_params_gen_metrics.txt,0.701818883,0.701818824,0.71586436,3.075499535
final_4conv_ch8_grp2_scale2_mse_only_conv4SingleHeadNet_denoise_epochs_50_metrics_1945_params.txt,4conv,1945,8,2,2,0.421937943,0.234937117,0.9069314,7.495028973,best_conv4SingleHeadNet_final_4conv_ch8_grp2_scale2_mse_only_denoise_epoch_50_weights_1945_params_gen_metrics.txt,0.717191458,0.717191398,0.701074719,2.887297869
final_4conv_ch8_grp2_scale4_mse_only_conv4SingleHeadNet_denoise_epochs_50_metrics_2121_params.txt,4conv,2121,8,2,4,0.427050412,0.23778376,0.904533386,7.390417576,best_conv4SingleHeadNet_final_4conv_ch8_grp2_scale4_mse_only_denoise_epoch_50_weights_2121_params_gen_metrics.txt,0.702606499,0.70260644,0.714469552,3.065757275
final_4conv_ch8_grp4_scale1_mse_only_conv4SingleHeadNet_denoise_epochs_50_metrics_1409_params.txt,4conv,1409,8,4,1,0.423609674,0.235867947,0.905854106,7.460682392,best_conv4SingleHeadNet_final_4conv_ch8_grp4_scale1_mse_only_denoise_epoch_50_weights_1409_params_gen_metrics.txt,0.706573009,0.70657295,0.710054278,3.016859293
final_4conv_ch8_grp4_scale2_mse_only_conv4SingleHeadNet_denoise_epochs_50_metrics_1497_params.txt,4conv,1497,8,4,2,0.420319885,0.234036162,0.907504618,7.528401375,best_conv4SingleHeadNet_final_4conv_ch8_grp4_scale2_mse_only_denoise_epoch_50_weights_1497_params_gen_metrics.txt,0.712730825,0.712730765,0.706867993,2.941488981
final_4conv_ch8_grp4_scale4_mse_only_conv4SingleHeadNet_denoise_epochs_50_metrics_1673_params.txt,4conv,1673,8,4,4,0.417587936,0.232515007,0.909847677,7.585042,best_conv4SingleHeadNet_final_4conv_ch8_grp4_scale4_mse_only_denoise_epoch_50_weights_1673_params_gen_metrics.txt,0.711021543,0.711021483,0.707707763,2.9623456
final_4conv_ch8_grp8_scale1_mse_only_conv4SingleHeadNet_denoise_epochs_50_metrics_1185_params.txt,4conv,1185,8,8,1,0.432522327,0.240830556,0.902023196,7.279829979,best_conv4SingleHeadNet_final_4conv_ch8_grp8_scale1_mse_only_denoise_epoch_50_weights_1185_params_gen_metrics.txt,0.713109434,0.713109374,0.705161929,2.936876774
final_4conv_ch8_grp8_scale2_mse_only_conv4SingleHeadNet_denoise_epochs_50_metrics_1273_params.txt,4conv,1273,8,8,2,0.420740783,0.234270528,0.907553613,7.519708157,best_conv4SingleHeadNet_final_4conv_ch8_grp8_scale2_mse_only_denoise_epoch_50_weights_1273_params_gen_metrics.txt,0.705682218,0.705682158,0.712903678,3.027817011
final_4conv_ch8_grp8_scale4_mse_only_conv4SingleHeadNet_denoise_epochs_50_metrics_1449_params.txt,4conv,1449,8,8,4,0.418474704,0.233008757,0.908376932,7.566616535,best_conv4SingleHeadNet_final_4conv_ch8_grp8_scale4_mse_only_denoise_epoch_50_weights_1449_params_gen_metrics.txt,0.700924337,0.700924277,0.71634376,3.086577892
final_5conv_ch1_grp1_scale1_mse_only_conv5SingleHeadNet_denoise_epochs_50_metrics_71_params.txt,5conv,71,1,1,1,0.57625258,0.320860267,0.817611277,4.787742615,best_conv5SingleHeadNet_final_5conv_ch1_grp1_scale1_mse_only_denoise_epoch_50_weights_71_params_gen_metrics.txt,0.753026426,0.753026366,0.665406823,2.463796377
final_5conv_ch1_grp1_scale2_mse_only_conv5SingleHeadNet_denoise_epochs_50_metrics_96_params.txt,5conv,96,1,1,2,0.640314698,0.356530368,0.768573701,3.872130394,best_conv5SingleHeadNet_final_5conv_ch1_grp1_scale2_mse_only_denoise_epoch_50_weights_96_params_gen_metrics.txt,0.761842072,0.761842012,0.687642694,2.362701416
final_5conv_ch1_grp1_scale4_mse_only_conv5SingleHeadNet_denoise_epochs_50_metrics_188_params.txt,5conv,188,1,1,4,0.542825162,0.302247703,0.839917123,5.306801319,best_conv5SingleHeadNet_final_5conv_ch1_grp1_scale4_mse_only_denoise_epoch_50_weights_188_params_gen_metrics.txt,0.74391669,0.743916631,0.673347056,2.569514275
final_5conv_ch2_grp1_scale1_mse_only_conv5SingleHeadNet_denoise_epochs_50_metrics_241_params.txt,5conv,241,2,1,1,0.483540624,0.269237787,0.877083957,6.311341286,best_conv5SingleHeadNet_final_5conv_ch2_grp1_scale1_mse_only_denoise_epoch_50_weights_241_params_gen_metrics.txt,0.692534208,0.692534149,0.732556999,3.191175938
final_5conv_ch2_grp1_scale2_mse_only_conv5SingleHeadNet_denoise_epochs_50_metrics_337_params.txt,5conv,337,2,1,2,0.438704461,0.244272798,0.899138391,7.15655899,best_conv5SingleHeadNet_final_5conv_ch2_grp1_scale2_mse_only_denoise_epoch_50_weights_337_params_gen_metrics.txt,0.725527942,0.725527883,0.69257158,2.78691721
final_5conv_ch2_grp1_scale4_mse_only_conv5SingleHeadNet_denoise_epochs_50_metrics_697_params.txt,5conv,697,2,1,4,0.450073838,0.250603318,0.893179834,6.934325695,best_conv5SingleHeadNet_final_5conv_ch2_grp1_scale4_mse_only_denoise_epoch_50_weights_697_params_gen_metrics.txt,0.70718509,0.70718503,0.712273121,3.009338856
final_5conv_ch2_grp2_scale1_mse_only_conv5SingleHeadNet_denoise_epochs_50_metrics_227_params.txt,5conv,227,2,2,1,0.465172976,0.259010583,0.885270655,6.647711277,best_conv5SingleHeadNet_final_5conv_ch2_grp2_scale1_mse_only_denoise_epoch_50_weights_227_params_gen_metrics.txt,0.711527228,0.711527169,0.712285757,2.956169605
final_5conv_ch2_grp2_scale2_mse_only_conv5SingleHeadNet_denoise_epochs_50_metrics_323_params.txt,5conv,323,2,2,2,0.469483495,0.261410713,0.882979929,6.567594528,best_conv5SingleHeadNet_final_5conv_ch2_grp2_scale2_mse_only_denoise_epoch_50_weights_323_params_gen_metrics.txt,0.726422787,0.726422727,0.694131494,2.776211262
final_5conv_ch2_grp2_scale4_mse_only_conv5SingleHeadNet_denoise_epochs_50_metrics_683_params.txt,5conv,683,2,2,4,0.432722032,0.240941748,0.902017057,7.275820255,best_conv5SingleHeadNet_final_5conv_ch2_grp2_scale4_mse_only_denoise_epoch_50_weights_683_params_gen_metrics.txt,0.731879056,0.731878996,0.686756551,2.711214066
final_5conv_ch4_grp1_scale1_mse_only_conv5SingleHeadNet_denoise_epochs_50_metrics_881_params.txt,5conv,881,4,1,1,0.419263482,0.233447954,0.90946126,7.55025959,best_conv5SingleHeadNet_final_5conv_ch4_grp1_scale1_mse_only_denoise_epoch_50_weights_881_params_gen_metrics.txt,0.698841035,0.698840976,0.740305483,3.112432003
final_5conv_ch4_grp1_scale2_mse_only_conv5SingleHeadNet_denoise_epochs_50_metrics_1257_params.txt,5conv,1257,4,1,2,0.416994959,0.232184827,0.909143329,7.597384453,best_conv5SingleHeadNet_final_5conv_ch4_grp1_scale2_mse_only_denoise_epoch_50_weights_1257_params_gen_metrics.txt,0.703985631,0.703985572,0.722721934,3.048723936
final_5conv_ch4_grp1_scale4_mse_only_conv5SingleHeadNet_denoise_epochs_50_metrics_2681_params.txt,5conv,2681,4,1,4,0.40866071,0.227544278,0.912744045,7.772742271,best_conv5SingleHeadNet_final_5conv_ch4_grp1_scale4_mse_only_denoise_epoch_50_weights_2681_params_gen_metrics.txt,0.706296384,0.706296325,0.713228106,3.020260811
final_5conv_ch4_grp2_scale1_mse_only_conv5SingleHeadNet_denoise_epochs_50_metrics_825_params.txt,5conv,825,4,2,1,0.425310403,0.236814916,0.90514046,7.425880432,best_conv5SingleHeadNet_final_5conv_ch4_grp2_scale1_mse_only_denoise_epoch_50_weights_825_params_gen_metrics.txt,0.70326674,0.70326668,0.716578424,3.057598829
final_5conv_ch4_grp2_scale2_mse_only_conv5SingleHeadNet_denoise_epochs_50_metrics_1201_params.txt,5conv,1201,4,2,2,0.42444545,0.236333311,0.905569613,7.443562508,best_conv5SingleHeadNet_final_5conv_ch4_grp2_scale2_mse_only_denoise_epoch_50_weights_1201_params_gen_metrics.txt,0.713413119,0.71341306,0.704907537,2.933178186
final_5conv_ch4_grp2_scale4_mse_only_conv5SingleHeadNet_denoise_epochs_50_metrics_2625_params.txt,5conv,2625,4,2,4,0.425424188,0.236878276,0.90505904,7.423557281,best_conv5SingleHeadNet_final_5conv_ch4_grp2_scale4_mse_only_denoise_epoch_50_weights_2625_params_gen_metrics.txt,0.708645523,0.708645463,0.708128273,2.991419792
final_5conv_ch4_grp4_scale1_mse_only_conv5SingleHeadNet_denoise_epochs_50_metrics_629_params.txt,5conv,629,4,4,1,0.41307056,0.229999706,0.910958886,7.679515362,best_conv5SingleHeadNet_final_5conv_ch4_grp4_scale1_mse_only_denoise_epoch_50_weights_629_params_gen_metrics.txt,0.720358491,0.720358431,0.698313117,2.849026203
final_5conv_ch4_grp4_scale2_mse_only_conv5SingleHeadNet_denoise_epochs_50_metrics_837_params.txt,5conv,837,4,4,2,0.417002976,0.232189298,0.909135818,7.597217083,best_conv5SingleHeadNet_final_5conv_ch4_grp4_scale2_mse_only_denoise_epoch_50_weights_837_params_gen_metrics.txt,0.709367096,0.709367037,0.710285425,2.98257947
final_5conv_ch4_grp4_scale4_mse_only_conv5SingleHeadNet_denoise_epochs_50_metrics_1589_params.txt,5conv,1589,4,4,4,0.412539393,0.229703948,0.9110834,7.690692425,best_conv5SingleHeadNet_final_5conv_ch4_grp4_scale4_mse_only_denoise_epoch_50_weights_1589_params_gen_metrics.txt,0.717739105,0.717739046,0.701520622,2.88066864
final_5conv_ch8_grp1_scale1_mse_only_conv5SingleHeadNet_denoise_epochs_50_metrics_3361_params.txt,5conv,3361,8,1,1,0.40917784,0.227832228,0.915422618,7.761758804,best_conv5SingleHeadNet_final_5conv_ch8_grp1_scale1_mse_only_denoise_epoch_50_weights_3361_params_gen_metrics.txt,0.695230007,0.695229948,0.719559371,3.157430172
final_5conv_ch8_grp1_scale2_mse_only_conv5SingleHeadNet_denoise_epochs_50_metrics_4849_params.txt,5conv,4849,8,1,2,0.403903514,0.224895447,0.915104747,7.874448299,best_conv5SingleHeadNet_final_5conv_ch8_grp1_scale2_mse_only_denoise_epoch_50_weights_4849_params_gen_metrics.txt,0.712866426,0.712866366,0.704144657,2.939836979
final_5conv_ch8_grp1_scale4_mse_only_conv5SingleHeadNet_denoise_epochs_50_metrics_10513_params.txt,5conv,10513,8,1,4,0.394464284,0.219639644,0.919460475,8.079847336,best_conv5SingleHeadNet_final_5conv_ch8_grp1_scale4_mse_only_denoise_epoch_50_weights_10513_params_gen_metrics.txt,0.701972485,0.701972425,0.714959741,3.073598385
final_5conv_ch8_grp2_scale1_mse_only_conv5SingleHeadNet_denoise_epochs_50_metrics_3137_params.txt,5conv,3137,8,2,1,0.396006674,0.220498458,0.918471098,8.045949936,best_conv5SingleHeadNet_final_5conv_ch8_grp2_scale1_mse_only_denoise_epoch_50_weights_3137_params_gen_metrics.txt,0.700897932,0.700897872,0.714323223,3.086905241
final_5conv_ch8_grp2_scale2_mse_only_conv5SingleHeadNet_denoise_epochs_50_metrics_4625_params.txt,5conv,4625,8,2,2,0.405408382,0.22573337,0.914212525,7.84214592,best_conv5SingleHeadNet_final_5conv_ch8_grp2_scale2_mse_only_denoise_epoch_50_weights_4625_params_gen_metrics.txt,0.716354787,0.716354728,0.702898264,2.897437096
final_5conv_ch8_grp2_scale4_mse_only_conv5SingleHeadNet_denoise_epochs_50_metrics_10289_params.txt,5conv,10289,8,2,4,0.395561576,0.220250621,0.918464184,8.055718422,best_conv5SingleHeadNet_final_5conv_ch8_grp2_scale4_mse_only_denoise_epoch_50_weights_10289_params_gen_metrics.txt,0.702072203,0.702072144,0.715924323,3.07236433
final_5conv_ch8_grp4_scale1_mse_only_conv5SingleHeadNet_denoise_epochs_50_metrics_2353_params.txt,5conv,2353,8,4,1,0.393253267,0.218965352,0.919838309,8.106554031,best_conv5SingleHeadNet_final_5conv_ch8_grp4_scale1_mse_only_denoise_epoch_50_weights_2353_params_gen_metrics.txt,0.712799728,0.712799668,0.705468714,2.940650225
final_5conv_ch8_grp4_scale2_mse_only_conv5SingleHeadNet_denoise_epochs_50_metrics_3169_params.txt,5conv,3169,8,4,2,0.399287969,0.222325504,0.917151868,7.974275589,best_conv5SingleHeadNet_final_5conv_ch8_grp4_scale2_mse_only_denoise_epoch_50_weights_3169_params_gen_metrics.txt,0.706426263,0.706426203,0.711437583,3.018664122
final_5conv_ch8_grp4_scale4_mse_only_conv5SingleHeadNet_denoise_epochs_50_metrics_6145_params.txt,5conv,6145,8,4,4,0.393781841,0.21925965,0.919348538,8.09488678,best_conv5SingleHeadNet_final_5conv_ch8_grp4_scale4_mse_only_denoise_epoch_50_weights_6145_params_gen_metrics.txt,0.705226362,0.705226302,0.71208632,3.033430338
final_5conv_ch8_grp8_scale1_mse_only_conv5SingleHeadNet_denoise_epochs_50_metrics_1961_params.txt,5conv,1961,8,8,1,0.395432562,0.220178783,0.918620706,8.058551788,best_conv5SingleHeadNet_final_5conv_ch8_grp8_scale1_mse_only_denoise_epoch_50_weights_1961_params_gen_metrics.txt,0.70562619,0.70562613,0.711564302,3.028506994
final_5conv_ch8_grp8_scale2_mse_only_conv5SingleHeadNet_denoise_epochs_50_metrics_2441_params.txt,5conv,2441,8,8,2,0.397808999,0.221501991,0.917594254,8.006507874,best_conv5SingleHeadNet_final_5conv_ch8_grp8_scale2_mse_only_denoise_epoch_50_weights_2441_params_gen_metrics.txt,0.704302788,0.704302728,0.711832345,3.044812202
final_5conv_ch8_grp8_scale4_mse_only_conv5SingleHeadNet_denoise_epochs_50_metrics_4073_params.txt,5conv,4073,8,8,4,0.401634127,0.223631844,0.915854394,7.923388004,best_conv5SingleHeadNet_final_5conv_ch8_grp8_scale4_mse_only_denoise_epoch_50_weights_4073_params_gen_metrics.txt,0.70752877,0.70752871,0.708834767,3.005118608
final_6conv_ch1_grp1_scale1_mse_only_conv6SingleHeadNet_denoise_epochs_50_metrics_111_params.txt,6conv,111,1,1,1,0.584344566,0.325365931,0.812094212,4.666619778,best_conv6SingleHeadNet_final_6conv_ch1_grp1_scale1_mse_only_denoise_epoch_50_weights_111_params_gen_metrics.txt,0.746395051,0.746394992,0.678643286,2.540625334
final_6conv_ch1_grp1_scale2_mse_only_conv6SingleHeadNet_denoise_epochs_50_metrics_265_params.txt,6conv,265,1,1,2,0.494746476,0.27547726,0.869391799,6.112346172,best_conv6SingleHeadNet_final_6conv_ch1_grp1_scale2_mse_only_denoise_epoch_50_weights_265_params_gen_metrics.txt,0.716119051,0.716118991,0.701804936,2.900296211
final_6conv_ch1_grp1_scale4_mse_only_conv6SingleHeadNet_denoise_epochs_50_metrics_849_params.txt,6conv,849,1,1,4,0.488919228,0.272232622,0.872359097,6.215258121,best_conv6SingleHeadNet_final_6conv_ch1_grp1_scale4_mse_only_denoise_epoch_50_weights_849_params_gen_metrics.txt,0.705280662,0.705280602,0.721340477,3.032761097
final_6conv_ch2_grp1_scale1_mse_only_conv6SingleHeadNet_denoise_epochs_50_metrics_385_params.txt,6conv,385,2,1,1,0.492684424,0.274329096,0.870496392,6.148623943,best_conv6SingleHeadNet_final_6conv_ch2_grp1_scale1_mse_only_denoise_epoch_50_weights_385_params_gen_metrics.txt,0.717246413,0.717246354,0.709352851,2.886632681
final_6conv_ch2_grp1_scale2_mse_only_conv6SingleHeadNet_denoise_epochs_50_metrics_977_params.txt,6conv,977,2,1,2,0.426955968,0.237731174,0.904627323,7.392338753,best_conv6SingleHeadNet_final_6conv_ch2_grp1_scale2_mse_only_denoise_epoch_50_weights_977_params_gen_metrics.txt,0.697717607,0.697717547,0.716388941,3.126406908
final_6conv_ch2_grp1_scale4_mse_only_conv6SingleHeadNet_denoise_epochs_50_metrics_3265_params.txt,6conv,3265,2,1,4,0.41987288,0.233787283,0.909263909,7.537643909,best_conv6SingleHeadNet_final_6conv_ch2_grp1_scale4_mse_only_denoise_epoch_50_weights_3265_params_gen_metrics.txt,0.726810634,0.726810575,0.696423411,2.771574974
final_6conv_ch2_grp2_scale1_mse_only_conv6SingleHeadNet_denoise_epochs_50_metrics_329_params.txt,6conv,329,2,2,1,0.471634299,0.26260829,0.881824493,6.527893066,best_conv6SingleHeadNet_final_6conv_ch2_grp2_scale1_mse_only_denoise_epoch_50_weights_329_params_gen_metrics.txt,0.714105666,0.714105606,0.707053781,2.924750805
final_6conv_ch2_grp2_scale2_mse_only_conv6SingleHeadNet_denoise_epochs_50_metrics_753_params.txt,6conv,753,2,2,2,0.439929992,0.244955167,0.898057103,7.132328987,best_conv6SingleHeadNet_final_6conv_ch2_grp2_scale2_mse_only_denoise_epoch_50_weights_753_params_gen_metrics.txt,0.708100677,0.708100617,0.708754063,2.998100281
final_6conv_ch2_grp2_scale4_mse_only_conv6SingleHeadNet_denoise_epochs_50_metrics_2369_params.txt,6conv,2369,2,2,4,0.423962742,0.236064538,0.906143844,7.453446388,best_conv6SingleHeadNet_final_6conv_ch2_grp2_scale4_mse_only_denoise_epoch_50_weights_2369_params_gen_metrics.txt,0.713722706,0.713722646,0.709563196,2.929409981
final_6conv_ch4_grp1_scale1_mse_only_conv6SingleHeadNet_denoise_epochs_50_metrics_1425_params.txt,6conv,1425,4,1,1,0.428249389,0.238451362,0.905511498,7.366065502,best_conv6SingleHeadNet_final_6conv_ch4_grp1_scale1_mse_only_denoise_epoch_50_weights_1425_params_gen_metrics.txt,0.713927567,0.713927507,0.702928603,2.926917315
final_6conv_ch4_grp1_scale2_mse_only_conv6SingleHeadNet_denoise_epochs_50_metrics_3745_params.txt,6conv,3745,4,1,2,0.403369457,0.224598095,0.915183485,7.885939598,best_conv6SingleHeadNet_final_6conv_ch4_grp1_scale2_mse_only_denoise_epoch_50_weights_3745_params_gen_metrics.txt,0.715115368,0.715115309,0.702469349,2.912478209
final_6conv_ch4_grp1_scale4_mse_only_conv6SingleHeadNet_denoise_epochs_50_metrics_12801_params.txt,6conv,12801,4,1,4,0.396622688,0.220841452,0.918047369,8.032449722,best_conv6SingleHeadNet_final_6conv_ch4_grp1_scale4_mse_only_denoise_epoch_50_weights_12801_params_gen_metrics.txt,0.703291178,0.703291118,0.716651678,3.05729723
final_6conv_ch4_grp2_scale1_mse_only_conv6SingleHeadNet_denoise_epochs_50_metrics_1201_params.txt,6conv,1201,4,2,1,0.410583824,0.22861509,0.911918342,7.731963158,best_conv6SingleHeadNet_final_6conv_ch4_grp2_scale1_mse_only_denoise_epoch_50_weights_1201_params_gen_metrics.txt,0.716728926,0.716728866,0.706367373,2.892902136
final_6conv_ch4_grp2_scale2_mse_only_conv6SingleHeadNet_denoise_epochs_50_metrics_2849_params.txt,6conv,2849,4,2,2,0.409663081,0.228102401,0.912278891,7.751464367,best_conv6SingleHeadNet_final_6conv_ch4_grp2_scale2_mse_only_denoise_epoch_50_weights_2849_params_gen_metrics.txt,0.70134306,0.701343,0.71582216,3.081390858
final_6conv_ch4_grp2_scale4_mse_only_conv6SingleHeadNet_denoise_epochs_50_metrics_9217_params.txt,6conv,9217,4,2,4,0.392511159,0.218552127,0.920012176,8.122960091,best_conv6SingleHeadNet_final_6conv_ch4_grp2_scale4_mse_only_denoise_epoch_50_weights_9217_params_gen_metrics.txt,0.71280551,0.71280545,0.703609765,2.940579414
final_6conv_ch4_grp4_scale1_mse_only_conv6SingleHeadNet_denoise_epochs_50_metrics_865_params.txt,6conv,865,4,4,1,0.427107304,0.23781544,0.904451787,7.389261246,best_conv6SingleHeadNet_final_6conv_ch4_grp4_scale1_mse_only_denoise_epoch_50_weights_865_params_gen_metrics.txt,0.7200225,0.72002244,0.698929667,2.853078842
final_6conv_ch4_grp4_scale2_mse_only_conv6SingleHeadNet_denoise_epochs_50_metrics_1841_params.txt,6conv,1841,4,4,2,0.406081051,0.22610791,0.913982451,7.827746391,best_conv6SingleHeadNet_final_6conv_ch4_grp4_scale2_mse_only_denoise_epoch_50_weights_1841_params_gen_metrics.txt,0.699121773,0.699121714,0.737376332,3.108943939
final_6conv_ch4_grp4_scale4_mse_only_conv6SingleHeadNet_denoise_epochs_50_metrics_5521_params.txt,6conv,5521,4,4,4,0.395041734,0.219961166,0.9188658,8.067141533,best_conv6SingleHeadNet_final_6conv_ch4_grp4_scale4_mse_only_denoise_epoch_50_weights_5521_params_gen_metrics.txt,0.707091033,0.707090974,0.710717499,3.010494232
final_6conv_ch8_grp1_scale1_mse_only_conv6SingleHeadNet_denoise_epochs_50_metrics_5473_params.txt,6conv,5473,8,1,1,0.398521632,0.221898794,0.918788671,7.990962029,best_conv6SingleHeadNet_final_6conv_ch8_grp1_scale1_mse_only_denoise_epoch_50_weights_5473_params_gen_metrics.txt,0.717503786,0.717503726,0.701298118,2.88351655
final_6conv_ch8_grp1_scale2_mse_only_conv6SingleHeadNet_denoise_epochs_50_metrics_14657_params.txt,6conv,14657,8,1,2,0.391488999,0.217982993,0.92052716,8.145608902,best_conv6SingleHeadNet_final_6conv_ch8_grp1_scale2_mse_only_denoise_epoch_50_weights_14657_params_gen_metrics.txt,0.709749579,0.70974952,0.70754379,2.977897882
final_6conv_ch8_grp1_scale4_mse_only_conv6SingleHeadNet_denoise_epochs_50_metrics_50689_params.txt,6conv,50689,8,1,4,0.4070189,0.226630121,0.913472652,7.807708263,best_conv6SingleHeadNet_final_6conv_ch8_grp1_scale4_mse_only_denoise_epoch_50_weights_50689_params_gen_metrics.txt,0.721897304,0.721897244,0.694542587,2.83049202
final_6conv_ch8_grp2_scale1_mse_only_conv6SingleHeadNet_denoise_epochs_50_metrics_4577_params.txt,6conv,4577,8,2,1,0.395825565,0.220397606,0.919044614,8.049922943,best_conv6SingleHeadNet_final_6conv_ch8_grp2_scale1_mse_only_denoise_epoch_50_weights_4577_params_gen_metrics.txt,0.705714405,0.705714345,0.712005496,3.027420282
final_6conv_ch8_grp2_scale2_mse_only_conv6SingleHeadNet_denoise_epochs_50_metrics_11073_params.txt,6conv,11073,8,2,2,0.386119127,0.214993015,0.922480643,8.265573502,best_conv6SingleHeadNet_final_6conv_ch8_grp2_scale2_mse_only_denoise_epoch_50_weights_11073_params_gen_metrics.txt,0.704921186,0.704921126,0.713365436,3.037189245
final_6conv_ch8_grp2_scale4_mse_only_conv6SingleHeadNet_denoise_epochs_50_metrics_36353_params.txt,6conv,36353,8,2,4,0.393972248,0.219365671,0.919206202,8.090687752,best_conv6SingleHeadNet_final_6conv_ch8_grp2_scale4_mse_only_denoise_epoch_50_weights_36353_params_gen_metrics.txt,0.721096814,0.721096754,0.696537614,2.840129375
final_6conv_ch8_grp4_scale1_mse_only_conv6SingleHeadNet_denoise_epochs_50_metrics_3233_params.txt,6conv,3233,8,4,1,0.390377015,0.217363834,0.920833945,8.170315742,best_conv6SingleHeadNet_final_6conv_ch8_grp4_scale1_mse_only_denoise_epoch_50_weights_3233_params_gen_metrics.txt,0.705569267,0.705569208,0.712013364,3.02920723
final_6conv_ch8_grp4_scale2_mse_only_conv6SingleHeadNet_denoise_epochs_50_metrics_7041_params.txt,6conv,7041,8,4,2,0.384164304,0.21390456,0.923500538,8.309660912,best_conv6SingleHeadNet_final_6conv_ch8_grp4_scale2_mse_only_denoise_epoch_50_weights_7041_params_gen_metrics.txt,0.725486934,0.725486875,0.69131273,2.78740859
final_6conv_ch8_grp4_scale4_mse_only_conv6SingleHeadNet_denoise_epochs_50_metrics_21569_params.txt,6conv,21569,8,4,4,0.393098742,0.218879297,0.919590056,8.109967232,best_conv6SingleHeadNet_final_6conv_ch8_grp4_scale4_mse_only_denoise_epoch_50_weights_21569_params_gen_metrics.txt,0.719501972,0.719501913,0.697598398,2.859360933
final_6conv_ch8_grp8_scale1_mse_only_conv6SingleHeadNet_denoise_epochs_50_metrics_2561_params.txt,6conv,2561,8,8,1,0.394151241,0.219465345,0.919121265,8.086742401,best_conv6SingleHeadNet_final_6conv_ch8_grp8_scale1_mse_only_denoise_epoch_50_weights_2561_params_gen_metrics.txt,0.684885919,0.684885859,0.72991401,3.287635326
final_6conv_ch8_grp8_scale2_mse_only_conv6SingleHeadNet_denoise_epochs_50_metrics_5025_params.txt,6conv,5025,8,8,2,0.393375129,0.219033197,0.919549048,8.103862762,best_conv6SingleHeadNet_final_6conv_ch8_grp8_scale2_mse_only_denoise_epoch_50_weights_5025_params_gen_metrics.txt,0.711062729,0.71106267,0.705514073,2.961841822
final_6conv_ch8_grp8_scale4_mse_only_conv6SingleHeadNet_denoise_epochs_50_metrics_14177_params.txt,6conv,14177,8,8,4,0.387669802,0.215856448,0.921810687,8.230760574,best_conv6SingleHeadNet_final_6conv_ch8_grp8_scale4_mse_only_denoise_epoch_50_weights_14177_params_gen_metrics.txt,0.712061346,0.712061286,0.70586741,2.949652433
final_3conv_ch4_grp4_scale8_mse_only_conv3SingleHeadNet_denoise_epochs_50_metrics_417_params.txt,3conv,417,4,4,8,0.47201696,0.262821347,0.882947505,6.520848751,best_conv3SingleHeadNet_final_3conv_ch4_grp4_scale8_mse_only_denoise_epoch_50_weights_417_params.pth,0.729469478,0.729469419,0.687730789,2.739858389
final_3conv_ch16_grp16_scale1_mse_only_conv3SingleHeadNet_denoise_epochs_50_metrics_1841_params.txt,3conv,1841,16,16,1,0.444084853,0.247268617,0.896214128,7.050681114,best_conv3SingleHeadNet_final_3conv_ch16_grp16_scale1_mse_only_denoise_epoch_50_weights_1841_params.pth,0.722150922,0.722150862,0.695188582,2.827440739
final_3conv_ch16_grp16_scale2_mse_only_conv3SingleHeadNet_denoise_epochs_50_metrics_2145_params.txt,3conv,2145,16,16,2,0.451906234,0.251623601,0.893323362,6.899033546,best_conv3SingleHeadNet_final_3conv_ch16_grp16_scale2_mse_only_denoise_epoch_50_weights_2145_params.pth,0.73053658,0.73053652,0.688307285,2.727161407
final_3conv_ch24_grp24_scale1_mse_only_conv3SingleHeadNet_denoise_epochs_50_metrics_3721_params.txt,3conv,3721,24,24,1,0.446271777,0.24848631,0.896187782,7.008011818,best_conv3SingleHeadNet_final_3conv_ch24_grp24_scale1_mse_only_denoise_epoch_50_weights_3721_params.pth,0.714226127,0.714226067,0.701368988,2.9232862
final_3conv_ch24_grp24_scale2_mse_only_conv3SingleHeadNet_denoise_epochs_50_metrics_4369_params.txt,3conv,4369,24,24,2,0.439201176,0.244549364,0.898886561,7.1467309,best_conv3SingleHeadNet_final_3conv_ch24_grp24_scale2_mse_only_denoise_epoch_50_weights_4369_params.pth,0.709278524,0.709278464,0.707814515,2.983664274
final_3conv_ch24_grp24_scale4_mse_only_conv3SingleHeadNet_denoise_epochs_50_metrics_5665_params.txt,3conv,5665,24,24,4,0.436095685,0.242820218,0.90026778,7.208364487,best_conv3SingleHeadNet_final_3conv_ch24_grp24_scale4_mse_only_denoise_epoch_50_weights_5665_params.pth,0.720179319,0.72017926,0.6965729,2.851187706
final_3conv_ch24_grp24_scale8_mse_only_conv3SingleHeadNet_denoise_epochs_50_metrics_8257_params.txt,3conv,8257,24,24,8,0.438509047,0.24416399,0.899346828,7.160429001,best_conv3SingleHeadNet_final_3conv_ch24_grp24_scale8_mse_only_denoise_epoch_50_weights_8257_params.pth,0.724434793,0.724434733,0.689988852,2.800014973
final_4conv_ch4_grp4_scale8_mse_only_conv4SingleHeadNet_denoise_epochs_50_metrics_469_params.txt,4conv,469,4,4,8,0.453621626,0.252578735,0.893569946,6.866125584,best_conv4SingleHeadNet_final_4conv_ch4_grp4_scale8_mse_only_denoise_epoch_50_weights_469_params.pth,0.71315223,0.71315217,0.703735828,2.936355114
final_4conv_ch16_grp16_scale1_mse_only_conv4SingleHeadNet_denoise_epochs_50_metrics_2241_params.txt,4conv,2241,16,16,1,0.422516227,0.235259101,0.906817734,7.483132362,best_conv4SingleHeadNet_final_4conv_ch16_grp16_scale1_mse_only_denoise_epoch_50_weights_2241_params.pth,0.712735653,0.712735593,0.705422759,2.941430569
final_4conv_ch16_grp16_scale2_mse_only_conv4SingleHeadNet_denoise_epochs_50_metrics_2545_params.txt,4conv,2545,16,16,2,0.425629556,0.236992612,0.904978812,7.419364929,best_conv4SingleHeadNet_final_4conv_ch16_grp16_scale2_mse_only_denoise_epoch_50_weights_2545_params.pth,0.72169596,0.7216959,0.694462001,2.832915306
final_4conv_ch24_grp24_scale1_mse_only_conv4SingleHeadNet_denoise_epochs_50_metrics_4513_params.txt,4conv,4513,24,24,1,0.417523414,0.232479081,0.908985794,7.58638382,best_conv4SingleHeadNet_final_4conv_ch24_grp24_scale1_mse_only_denoise_epoch_50_weights_4513_params.pth,0.707674265,0.707674205,0.708500803,3.003332615
final_4conv_ch24_grp24_scale2_mse_only_conv4SingleHeadNet_denoise_epochs_50_metrics_5161_params.txt,4conv,5161,24,24,2,0.423114181,0.235592052,0.907350004,7.47084856,best_conv4SingleHeadNet_final_4conv_ch24_grp24_scale2_mse_only_denoise_epoch_50_weights_5161_params.pth,0.715577483,0.715577424,0.70208317,2.906867027
final_4conv_ch24_grp24_scale4_mse_only_conv4SingleHeadNet_denoise_epochs_50_metrics_6457_params.txt,4conv,6457,24,24,4,0.412310094,0.229576275,0.911391556,7.695521832,best_conv4SingleHeadNet_final_4conv_ch24_grp24_scale4_mse_only_denoise_epoch_50_weights_6457_params.pth,0.709509552,0.709509492,0.707769156,2.980835676
final_4conv_ch24_grp24_scale8_mse_only_conv4SingleHeadNet_denoise_epochs_50_metrics_9049_params.txt,4conv,9049,24,24,8,0.421920121,0.234927192,0.910507321,7.49539566,best_conv4SingleHeadNet_final_4conv_ch24_grp24_scale8_mse_only_denoise_epoch_50_weights_9049_params.pth,0.726125181,0.726125121,0.694694817,2.779770374
final_5conv_ch16_grp16_scale1_mse_only_conv5SingleHeadNet_denoise_epochs_50_metrics_3041_params.txt,5conv,3041,16,16,1,0.392739624,0.218679339,0.919872761,8.11790657,best_conv5SingleHeadNet_final_5conv_ch16_grp16_scale1_mse_only_denoise_epoch_50_weights_3041_params.pth,0.715593994,0.715593934,0.700155377,2.906666756
final_5conv_ch24_grp24_scale1_mse_only_conv5SingleHeadNet_denoise_epochs_50_metrics_6097_params.txt,5conv,6097,24,24,1,0.395238936,0.220070973,0.918767273,8.062806129,best_conv5SingleHeadNet_final_5conv_ch24_grp24_scale1_mse_only_denoise_epoch_50_weights_6097_params.pth,0.71744746,0.7174474,0.698040843,2.884198427
final_5conv_ch24_grp24_scale2_mse_only_conv5SingleHeadNet_denoise_epochs_50_metrics_7801_params.txt,5conv,7801,24,24,2,0.388843387,0.216509894,0.922286272,8.204506874,best_conv5SingleHeadNet_final_5conv_ch24_grp24_scale2_mse_only_denoise_epoch_50_weights_7801_params.pth,0.724736154,0.724736094,0.695172906,2.796401978
final_5conv_ch24_grp24_scale4_mse_only_conv5SingleHeadNet_denoise_epochs_50_metrics_12217_params.txt,5conv,12217,24,24,4,0.400863677,0.223202854,0.918563247,7.940066338,best_conv5SingleHeadNet_final_5conv_ch24_grp24_scale4_mse_only_denoise_epoch_50_weights_12217_params.pth,0.722826719,0.72282666,0.698138833,2.819316864
final_5conv_ch24_grp24_scale8_mse_only_conv5SingleHeadNet_denoise_epochs_50_metrics_25081_params.txt,5conv,25081,24,24,8,0.399231702,0.222294167,0.919042349,7.97549963,best_conv5SingleHeadNet_final_5conv_ch24_grp24_scale8_mse_only_denoise_epoch_50_weights_25081_params.pth,0.722988367,0.722988307,0.698048234,2.817374468
final_6conv_ch16_grp16_scale1_mse_only_conv6SingleHeadNet_denoise_epochs_50_metrics_4641_params.txt,6conv,4641,16,16,1,0.403904349,0.224895924,0.918789148,7.874429226,best_conv6SingleHeadNet_final_6conv_ch16_grp16_scale1_mse_only_denoise_epoch_50_weights_4641_params.pth,0.718123019,0.718122959,0.702856183,2.876023769
final_6conv_ch24_grp24_scale1_mse_only_conv6SingleHeadNet_denoise_epochs_50_metrics_9265_params.txt,6conv,9265,24,24,1,0.383148551,0.213338986,0.923793674,8.33265686,best_conv6SingleHeadNet_final_6conv_ch24_grp24_scale1_mse_only_denoise_epoch_50_weights_9265_params.pth,0.709226429,0.70922637,0.708164454,2.984302044
final_6conv_ch24_grp24_scale2_mse_only_conv6SingleHeadNet_denoise_epochs_50_metrics_21793_params.txt,6conv,21793,24,24,2,0.413101554,0.230016962,0.91072458,7.678864002,best_conv6SingleHeadNet_final_6conv_ch24_grp24_scale2_mse_only_denoise_epoch_50_weights_21793_params.pth,0.731638253,0.731638193,0.682767987,2.714073181
final_6conv_ch24_grp24_scale4_mse_only_conv6SingleHeadNet_denoise_epochs_50_metrics_66721_params.txt,6conv,66721,24,24,4,0.427322358,0.237935185,0.904481769,7.384887695,best_conv6SingleHeadNet_final_6conv_ch24_grp24_scale4_mse_only_denoise_epoch_50_weights_66721_params.pth,0.744181991,0.744181931,0.670290351,2.566417694
